block,unit_price,Accessibility_Index,Lat,Lng,count
怡苑,77018.0,93.42,23.138495,113.330021,3
名雅苑,79473.0,92.47,23.135108,113.331143,1
天俊阁,53386.5,91.98,23.134002,113.329772,2
侨景大厦,60644.0,91.61,23.138868,113.331044,1
隆德大厦,58596.7,91.36,23.133883,113.330425,7
天河新作,100000.0,89.74,23.135563,113.332686,1
侨怡苑,69497.0,88.29,23.140683,113.330333,3
63中学校宿舍,19831.0,87.69,23.135738,113.333443,1
海校航专宿舍,24970.0,87.69,23.135738,113.333443,1
摩托车俱乐部宿舍,53341.0,87.69,23.135738,113.333443,1
心谊交警宿舍,35696.4,87.69,23.135738,113.333443,5
市粮宿舍,36454.0,87.69,23.135738,113.333443,1
区府宿舍,31661.5,87.69,23.135738,113.333443,2
天河路,45255.2,86.79,23.132963,113.326433,4
信成小区,64688.0,86.69,23.139872,113.332371,1
广梅汕铁路大厦,52545.5,86.6,23.132809,113.332136,2
正佳万豪金殿,55087.8,86.17,23.132861,113.326249,4
建丰大厦,48948.5,85.12,23.131435,113.330133,4
丰兴广场,62744.3,84.82,23.132929,113.333076,3
嘉宝华庭,63413.1,84.78,23.136249,113.334352,10
侨辉大厦,48334.0,84.32,23.131435,113.331132,2
龙口东路,56088.5,83.8,23.138514,113.334162,4
德荣小区,62917.3,83.77,23.138732,113.334071,29
怡侨大厦,59608.0,83.26,23.141243,113.332164,1
富丽花苑,50718.7,83.14,23.13082,113.328628,3
沙河远洋宿舍,34957.5,83.0,23.142385,113.329658,2
康平大厦,52994.5,81.76,23.131522,113.332862,2
荟雅苑,66346.3,81.62,23.142626,113.327306,20
天盛大厦,46966.1,81.2,23.130418,113.327766,8
嘉怡园,22000.0,80.99,23.142177,113.331706,1
贤人阁,57202.0,80.96,23.136553,113.33535,12
嘉怡苑,67237.1,80.92,23.142219,113.331666,19
远东大厦,64210.0,79.66,23.142913,113.330818,6
枫丹雅筑,65931.8,79.54,23.13822,113.335375,10
桥东大厦,36731.0,79.5,23.142923,113.330897,1
广梅汕宿舍,55656.4,78.58,23.136502,113.335936,5
天信大厦,48845.8,78.04,23.136977,113.336014,8
中信广场,52380.0,77.64,23.142317,113.324603,4
边检大院,65177.0,77.43,23.137735,113.336017,1
朝晖苑,66346.3,77.43,23.143028,113.331809,11
卫生院宿舍,51926.0,77.2,23.136662,113.33625,2
中怡城市花园,76866.2,77.06,23.143786,113.327415,53
侨林苑二期,80280.9,76.94,23.143699,113.330347,16
龙口花苑龙盛街,54299.3,76.93,23.140144,113.335108,7
龙口花苑龙腾街,61059.8,76.93,23.140144,113.335108,5
小北路小石后街,59333.0,76.31,23.142582,113.324419,1
海运小区,59082.0,76.26,23.13098,113.32414,2
德欣小区,49478.3,76.2,23.131362,113.334863,10
天河东路,50807.0,76.05,23.130486,113.333379,5
侨林苑一期,72014.2,75.99,23.144074,113.32954,10
保利中辰广场,77066.4,75.04,23.134568,113.336674,12
万菱汇广场,61334.0,74.52,23.13202,113.322679,4
天誉华庭,70651.8,74.51,23.138654,113.336416,26
尚雅苑黄埔大道西,55051.0,74.32,23.128705,113.331947,1
尚雅苑尚雅街,52433.0,74.32,23.128705,113.331947,1
耀星华庭,83168.0,73.71,23.143951,113.331709,10
侨林苑三期,86925.1,73.43,23.144472,113.3304,21
紫荆小区,64794.6,73.38,23.144621,113.327297,8
南雅苑体育东横街,54230.0,73.26,23.128643,113.33256,8
体育西路,52104.7,73.11,23.132216,113.322119,3
龙口花苑希尔顿阳光,71862.8,72.94,23.141222,113.335373,12
金泽大厦,42860.0,72.78,23.127838,113.328641,4
广信牡丹阁,45083.8,72.14,23.127807,113.327639,4
体育东路体育西横街,56141.0,72.08,23.128792,113.325134,1
天成大厦,56619.9,71.76,23.136765,113.337491,14
国美电器楼上,36216.0,71.64,23.133024,113.33712,1
广信红棉阁,46096.3,71.6,23.127749,113.327239,6
润寿小区,49574.0,71.21,23.143719,113.333196,1
南油宿舍,34266.7,71.2,23.131602,113.336585,3
六运小区,54288.4,71.19,23.130122,113.323073,37
龙口小区,55151.0,71.05,23.135187,113.337702,8
天晖阁,58378.5,70.59,23.128787,113.334241,2
碧桂园中新首府,15984.9,70.48,23.13148,113.321757,9
富力天河华庭,85995.0,70.38,23.145251,113.329871,6
龙苑大厦,47647.6,70.37,23.134596,113.337807,8
帝景苑,61113.5,70.25,23.140549,113.336497,35
朝阳西路百乐大街,18550.0,70.03,23.13221,113.321194,1
雍晟岭南雅苑,20465.0,69.99,23.127,113.329437,1
祥龙花园,48382.8,69.24,23.141557,113.321367,8
广信惠兰阁,51744.5,69.2,23.127429,113.332589,2
海欣街海关宿舍,45672.7,68.98,23.129675,113.335878,3
体育西路天河北街,58065.0,68.35,23.139317,113.320126,1
林和东公安宿舍,63808.0,68.29,23.145792,113.327515,3
红盾大厦,47284.0,67.86,23.131188,113.321102,4
恒达苑,67175.3,67.58,23.145973,113.328892,6
体育西路天河街,55071.5,67.51,23.131226,113.320967,2
润华大厦,56471.0,65.94,23.143727,113.334911,1
龙口东档案馆房改,68000.0,65.93,23.139603,113.33799,2
育蕾小区育蕾二街,52837.9,65.23,23.128645,113.322195,8
育蕾小区黄埔大道西,49180.0,65.13,23.128664,113.322132,2
育蕾小区体育西路,49059.0,65.13,23.128664,113.322132,2
育蕾小区育蕾三街,48949.0,65.13,23.128664,113.322132,4
天誉花园,56836.7,65.01,23.146323,113.326252,37
骏汇大厦,55386.4,65.0,23.129743,113.321137,8
德埔小区,52290.8,64.92,23.127439,113.335032,4
东洲大厦,49407.7,64.33,23.130405,113.320428,3
珠委大院,57864.0,64.21,23.146135,113.331508,3
远洋小区,61299.5,64.06,23.134823,113.318659,2
嘉尚国际公寓,86739.0,64.03,23.146553,113.330168,21
东园小区,35424.0,63.94,23.135769,113.318538,7
金海花园,69417.6,63.82,23.140472,113.33805,22
百脑汇科技大厦,38819.6,63.68,23.134234,113.339383,23
南方电网宿舍,48317.0,63.54,23.132887,113.318964,2
光华大厦,52291.0,63.51,23.14066,113.319361,1
金达苑,60939.5,62.39,23.144036,113.335614,2
龙口东路龙口横街,48612.0,62.38,23.136529,113.339661,1
侨苑小区(天河区),49841.0,62.18,23.139836,113.318679,1
尚河居,60992.0,62.04,23.130967,113.319313,11
亿泉尚园,85752.0,61.54,23.13879,113.318191,1
聚侨苑,49960.3,61.32,23.130433,113.319361,3
协和新世界,76920.8,61.23,23.141904,113.337788,5
御华苑,56074.5,61.12,23.139545,113.33912,8
金润大厦,64602.0,60.85,23.14402,113.336074,1
峻林,92788.4,60.58,23.147517,113.32766,8
芳草园,78256.2,60.17,23.142858,113.337334,5
华苑大厦,50894.0,60.06,23.134852,113.317471,8
岭南新世界,44847.5,60.05,23.141818,113.338137,116
中铁盛德国际,50534.4,59.81,23.127823,113.337591,5
育兰小区黄埔大道西路,78792.0,59.74,23.128145,113.320388,2
龙珠楼,47719.7,59.7,23.136723,113.340268,3
天晟明苑,47821.3,59.57,23.128722,113.338397,9
省工艺大院,46619.0,59.49,23.136203,113.317244,1
林和东路沾益直街,59106.6,59.36,23.147663,113.3291,5
南雅苑黄埔大道西,55524.8,59.32,23.126872,113.336498,4
天逸名都,72075.8,59.18,23.139381,113.339642,27
天荣小区,58253.0,59.15,23.129304,113.319272,1
广东高等教育出版社,70313.0,58.98,23.145617,113.321748,1
恒城大厦,40847.6,58.52,23.128515,113.319582,76
广和路广和一街,45423.5,57.97,23.132816,113.317174,2
瑞达大厦,45018.0,57.83,23.128794,113.319099,2
林和东小区,63201.2,57.66,23.148155,113.328841,8
恒康阁,50210.5,57.65,23.14689,113.323029,11
广利路,44935.0,57.41,23.130286,113.318008,6
水利电力学院,46375.0,57.16,23.145697,113.335228,2
南粤阁,49855.1,57.0,23.146129,113.321607,9
广州体育学院,61753.0,56.26,23.143591,113.31894,1
尚东君御雅苑,110006.9,55.84,23.123497,113.334078,28
煤气公司宿舍(天河区),62817.8,55.83,23.140034,113.340162,6
交委宿舍,30556.0,55.64,23.141532,113.339409,2
天寿大厦,72467.5,55.31,23.147733,113.332494,2
领峰园,85611.8,55.08,23.121826,113.328838,21
保利心语花园,89544.0,54.72,23.121695,113.329573,26
富景花苑,38984.0,54.27,23.130565,113.3166,2
华标广场,80030.0,53.63,23.141838,113.339729,1
粤海丽江花园,77644.8,53.54,23.123113,113.335118,6
中山三院宿舍,55000.0,53.44,23.133106,113.342037,1
文苑花园(天河区),54608.0,53.26,23.145245,113.337004,3
龙口中路,49707.1,53.19,23.139585,113.341018,9
碧桂园凤凰城凤凰岛,25496.8,53.19,23.124901,113.337657,5
中海_晖华庭,83438.8,53.04,23.121777,113.33298,24
中海Z晖华庭,88177.8,53.04,23.121777,113.33298,4
瑞安·创逸,73616.6,52.95,23.14072,113.340546,23
东河苑,48799.0,52.69,23.13957,113.315686,2
丽江花园棕榈滩,44294.0,52.49,23.123079,113.33579,4
太阳广场,56298.8,52.43,23.143748,113.338658,4
司法局宿舍(天河区),55355.5,52.39,23.13949,113.341263,2
保利中汇广场,38429.4,52.38,23.148578,113.323411,13
塘边大街一巷2号,21035.0,52.15,23.131426,113.342171,1
冠军小区,42415.0,52.15,23.134353,113.34247,3
侨兴苑,37893.6,51.88,23.126852,113.340036,9
汇峰苑,89009.3,51.85,23.120398,113.330056,41
河源大厦,55556.0,51.77,23.145417,113.318872,1
华升大厦,25070.0,51.26,23.13661,113.34246,1
隽峰苑,90095.5,50.87,23.120293,113.331769,33
嘉诚国际公寓,51540.6,50.77,23.138196,113.31449,23
林和西路,50105.0,50.65,23.149221,113.323761,1
朱美拉公寓,80486.8,50.29,23.119487,113.328707,36
方圆月岛,98601.2,49.75,23.11929,113.329985,26
穗园小区,59715.0,49.7,23.144938,113.338381,3
石牌东路,39883.5,49.15,23.130622,113.343084,8
星汇园,90461.8,49.15,23.123009,113.319876,4
鸿翔大厦,70022.5,48.49,23.14184,113.341093,2
环市东路466号大院,56663.0,48.48,23.133662,113.302203,1
新达城广场,52136.5,48.35,23.140091,113.314195,4
银兰苑,45954.5,48.31,23.130736,113.34346,4
君汇世家,90384.3,48.01,23.135497,113.312436,6
东方花苑,40000.0,47.98,23.128762,113.314428,1
水荫二横路,52134.4,47.67,23.140137,113.31391,5
环市东路468号大院,50657.0,47.62,23.133993,113.302996,2
誉峰,109290.0,47.52,23.123048,113.338826,1
地质大院,48696.0,47.39,23.132916,113.303321,1
锦华轩,49772.5,47.15,23.135159,113.343985,2
嘉裕公馆,100837.7,47.12,23.117654,113.329197,34
保利中宇广场,69685.0,47.09,23.140793,113.342076,1
天诚广场世纪华都,67554.0,47.05,23.142717,113.340931,2
华天国际广场,54550.5,47.03,23.140194,113.342398,8
三育路,57165.0,47.01,23.129272,113.300214,1
阳光都会广场,63632.2,46.85,23.129,113.34358,10
润粤大厦,72833.2,46.84,23.1347,113.311444,10
东山紫园,76175.0,46.61,23.132782,113.30418,1
广东省有色金属地质局,66226.7,46.57,23.13215,113.303998,3
暨南花园,55798.0,46.55,23.130818,113.344263,23
新陶苑,50753.9,46.3,23.128869,113.34381,10
华建小区,50793.8,46.04,23.126727,113.357475,21
泰然楼,36362.8,46.02,23.12512,113.358808,4
金兴花园,53600.7,45.97,23.125684,113.360204,9
方圆公园一号,66886.7,45.88,23.126848,113.360232,3
锦绣联合商务大厦,31100.8,45.86,23.134836,113.310458,4
五号公馆,62544.0,45.74,23.12461,113.31627,1
金东环大厦,72960.5,45.74,23.133862,113.305422,2
东风广场,86387.7,45.67,23.13306,113.310153,3
水荫翠院,58039.7,45.46,23.14045,113.31298,7
东环路2号大院,50443.0,45.46,23.132417,113.305708,1
东成花苑,44539.7,45.45,23.124353,113.359217,6
理想蓝堡国际花园,67582.6,45.42,23.128051,113.357564,21
新世界东逸花园,64967.9,45.36,23.12791,113.359893,31
环宇大厦,46356.2,45.29,23.127396,113.343643,4
东环路6号大院,52724.2,45.22,23.133681,113.306583,4
广粮大厦,48828.0,45.14,23.134234,113.306599,1
天惠大厦,73996.4,45.11,23.139315,113.343366,9
水荫路45号大院,51376.8,45.06,23.138112,113.311289,4
广本宿舍,39666.8,45.05,23.127727,113.343979,5
紫林居,44107.9,45.04,23.124094,113.360056,10
广发花园,42400.0,45.03,23.134172,113.30858,1
锦城花园,98796.0,45.01,23.131423,113.310012,1
天顺跃居,50115.4,44.97,23.125243,113.356134,5
利雅湾,91970.3,44.76,23.116058,113.328441,16
水荫路34号大院,51538.0,44.69,23.136568,113.309793,7
华荫阁,50685.0,44.64,23.138088,113.310924,1
农林东路22号大院,61806.5,44.59,23.12798,113.300052,2
金迪城市花园,31062.3,44.52,23.126301,113.31404,3
天立大厦,51680.2,44.5,23.138986,113.343695,4
东方新世界熹园,83329.0,44.49,23.128996,113.358301,7
鸿景园,55933.0,44.49,23.143629,113.34103,1
雅景花园,56122.0,44.46,23.137806,113.310544,4
云鹤园,58871.7,44.35,23.136193,113.306073,3
水荫路19号大院,54331.0,44.29,23.136893,113.309504,2
天兴大厦,42093.0,44.27,23.128845,113.311552,1
环市东路云鹤南街,41496.0,44.08,23.136402,113.306494,4
天河御品,47353.2,44.07,23.1245,113.362,17
圣地天河星荟,44782.6,44.07,23.1245,113.362,7
中达广场,70342.8,44.05,23.115706,113.329767,29
华江花园,46159.0,44.03,23.125538,113.354808,9
侨英花园,55449.5,43.85,23.150197,113.333434,2
华师附中,68668.0,43.8,23.137654,113.344448,1
金迪大厦,51737.3,43.7,23.128025,113.311809,3
广昌楼,45232.3,43.7,23.127552,113.362224,3
水荫四横路干休所宿舍,32632.0,43.54,23.137433,113.308862,1
理想青年荟,80916.2,43.47,23.129539,113.359455,22
天锦大厦,48858.0,43.42,23.128603,113.31087,1
君紫花园,52288.3,43.23,23.12759,113.345166,3
福今路,53969.2,43.1,23.127999,113.302314,5
五山路,51426.0,43.04,23.13885,113.344223,2
威立大厦,27041.3,43.0,23.150969,113.321903,7
力迅T,44992.7,42.99,23.12636,113.353347,9
嘉富广场东山一品,80420.0,42.94,23.139686,113.310723,13
暨南大学宿舍羊城苑,58042.4,42.87,23.135879,113.34538,7
嘉富广场,66424.3,42.79,23.139699,113.310602,21
翠湖山庄,48170.9,42.75,23.127491,113.353074,34
星汇云锦,75461.0,42.63,23.121894,113.316638,1
富力东山新天地,70682.0,42.56,23.12631,113.312531,2
易通大厦,45680.3,42.56,23.12661,113.345093,46
万福楼,54123.0,42.45,23.123143,113.355557,1
天銮,107487.3,42.4,23.114578,113.329917,7
暨南大学宿舍苏州苑,60870.0,42.38,23.133857,113.346169,6
金碧翡翠华庭,51537.0,42.27,23.143453,113.341847,2
福金莲花园,45499.0,42.26,23.124056,113.354091,2
水荫路水荫直街,48625.7,41.81,23.139175,113.308698,24
尚德大厦,58536.2,41.73,23.139714,113.34426,6
水荫横路,48236.0,41.59,23.143774,113.313213,1
易丰大厦,54163.9,41.56,23.129101,113.352295,28
水荫阁,31579.0,41.54,23.143924,113.313306,1
东晖花园,60386.8,41.52,23.129709,113.361675,17
安骏大厦,64902.5,41.46,23.123269,113.343003,2
福莱花园,54597.1,41.39,23.139387,113.308307,14
暨南大学宿舍南湖苑,52399.0,41.15,23.12894,113.351193,3
东兴小区东兴北路,50395.0,41.12,23.12418,113.313496,2
先烈中路云鹤北街,42533.6,40.71,23.139919,113.303183,10
金羊花园,69794.5,40.54,23.126927,113.309395,4
南天广场,53781.5,40.46,23.120265,113.316574,2
聚龙阁,60769.2,40.29,23.120266,113.316452,6
东山领汇广场,82789.0,40.25,23.127144,113.308055,1
马赛国际公寓,43213.0,39.97,23.124248,113.351157,2
福今路3号大院,55190.0,39.89,23.126369,113.302124,1
梅花村,65900.5,39.58,23.126598,113.304065,2
华颖轩,48933.0,39.49,23.122627,113.352869,1
铂林国际公寓,77905.0,39.29,23.119393,113.316496,2
高科大厦,31994.0,39.22,23.140475,113.344733,2
隽园,71858.9,39.2,23.130943,113.361551,16
跑马地花园,48559.0,39.18,23.123938,113.350312,2
富力公园28,53047.0,39.11,23.122513,113.344298,2
先烈中路102-10号,50238.0,39.01,23.141131,113.301062,2
富力东堤湾,81027.5,38.87,23.125728,113.309228,6
先烈中路102号大院,43833.0,38.71,23.141253,113.301306,2
五羊华轩,70431.0,38.68,23.125058,113.310198,3
禺东西路40号大院,39033.0,38.45,23.151928,113.319949,2
东兴小区东兴二街,54125.0,38.35,23.123076,113.312395,1
共和二路,67556.0,38.33,23.126021,113.30662,1
东方之珠花园,61040.7,38.24,23.141926,113.34422,3
名门大厦,52543.0,38.1,23.119063,113.315914,1
水荫路,47510.8,37.88,23.143935,113.310946,40
羊和园,85947.5,37.84,23.1257,113.306764,2
共和路,62938.0,37.84,23.125608,113.307331,1
广信华景大厦,59352.0,37.49,23.120196,113.314485,1
华港花园,61179.1,37.38,23.132745,113.357158,47
共和西小区,59905.0,37.38,23.125313,113.302693,1
禺东西路花生寮,28440.0,37.15,23.149682,113.316071,1
碧云商务中心,45518.5,37.05,23.142057,113.301773,4
桥东小区,27153.6,36.94,23.12255,113.311759,14
东方新世界嘉苑,86808.0,36.92,23.13252,113.359814,2
共和西路,65852.0,36.91,23.125159,113.303365,3
华逸锦轩,68537.7,36.83,23.124089,113.309533,3
文化大院,45296.2,36.78,23.145407,113.311529,6
华建大厦,63509.5,36.75,23.13179,113.361996,6
粤康阁,48439.0,36.67,23.119446,113.314538,1
保利中心108公馆,114067.0,36.59,23.1158,113.317522,1
光机电研究所,64635.0,36.55,23.150566,113.373414,3
顺景台,51954.0,36.52,23.125166,113.366623,1
华盈居,50000.0,36.22,23.143808,113.308971,1
星海苑,42967.0,36.12,23.145329,113.310906,1
侨源山庄,36145.0,35.97,23.153825,113.330493,3
先烈中路87号大院,48709.0,35.9,23.142666,113.300125,2
东方新世界,71253.4,35.4,23.13327,113.359126,47
海景花园,60974.2,35.31,23.123041,113.366738,6
翠雅苑,44298.0,35.29,23.151744,113.317191,3
东兴南小区,50906.7,35.16,23.122041,113.310739,3
共和苑,52798.0,35.13,23.123828,113.307507,1
叠翠台,57968.6,34.92,23.13265,113.361729,5
兴禺大厦,33248.0,34.82,23.153231,113.319,10
水荫一横路,31084.0,34.78,23.144359,113.308004,2
先烈东路沙河顶新一街,28531.3,34.68,23.144624,113.308298,6
环宇花园,49619.8,34.56,23.13428,113.353989,28
金碧华府,90085.0,34.42,23.116746,113.342067,2
富力盈盛广场,50855.0,34.31,23.118179,113.34389,1
广东外语职业艺术学院五山校区,41196.2,34.3,23.149048,113.339579,4
东山欣园,72463.0,34.07,23.122413,113.309046,1
观山苑,48914.0,34.04,23.154675,113.33011,1
伟诚广场,42464.4,34.03,23.122129,113.366976,9
禺东西路大洲地,28001.0,33.75,23.15385,113.318985,2
禺东西路,37789.0,33.75,23.15385,113.318985,1
天河鸿运花园,39092.5,33.6,23.122968,113.36757,15
鸿运花园,42712.6,33.6,23.122968,113.36757,17
广信鸿景大厦,46147.0,33.59,23.116625,113.314566,1
水荫四横路,32323.0,33.57,23.147302,113.310918,1
中强雅苑,44191.1,33.54,23.150423,113.31427,12
民政局大院,34286.2,33.49,23.147514,113.311094,9
永怡新都,43372.7,33.4,23.143995,113.301804,9
广信美景大厦,46679.0,33.33,23.120167,113.311234,1
仙湖名苑,51316.0,33.11,23.125678,113.368118,1
公路局宿舍,25862.7,32.91,23.146043,113.308479,3
水荫路永福正街,28736.0,32.78,23.145269,113.306675,7
东方都会广场,69758.2,32.75,23.133544,113.361581,29
五羊商住中心,44992.7,32.67,23.119181,113.31167,3
尚东宏御,84111.0,32.56,23.116981,113.344278,1
消防局宿舍,47018.0,32.54,23.14636,113.343034,2
广信汇景大厦,44042.0,32.46,23.119379,113.3113,1
五山路电力宿舍,54656.3,32.43,23.141988,113.346505,3
广兴华花园,83442.0,32.4,23.117894,113.31262,1
银汇华庭银汇大厦,67605.8,32.32,23.144047,113.345047,4
富信广场,41153.6,31.98,23.152508,113.315317,5
海景大厦,47611.7,31.63,23.122917,113.368514,10
先烈东路沙河顶,29197.0,31.58,23.146989,113.308293,2
粤海凯旋大厦,45963.0,31.5,23.145956,113.305981,1
粤韵庭园,56894.3,31.48,23.121941,113.368221,6
水务局三防办,39775.0,31.21,23.145825,113.344083,2
穗东花园,42486.3,31.18,23.124612,113.368993,6
粤和楼,46466.6,31.17,23.125286,113.36899,5
达道路保安北街,54546.0,31.16,23.122517,113.301739,1
达道路,54587.2,31.16,23.122517,113.301739,6
龙岗路34号大院,41964.1,31.16,23.149381,113.311039,7
兴城大厦,69974.0,30.9,23.120001,113.309179,1
君华上域,55405.4,30.65,23.147205,113.30734,10
先烈东路沙河顶新二街,31810.2,30.59,23.148719,113.30961,4
先烈东路,33509.4,30.52,23.147071,113.306695,7
华翠苑,38534.0,30.25,23.149324,113.310009,1
珠江帝景苑鸣泉大宅,68104.0,30.22,23.105123,113.329423,1
电视台大院,54234.5,30.16,23.10584,113.321455,4
豪景花园,40237.7,30.03,23.154446,113.31582,31
市委党校大院,54535.0,30.01,23.146319,113.303489,2
明月二路,55914.0,29.93,23.115938,113.312297,1
海滨花园,30054.2,29.89,23.11307,113.34229,54
先烈东路沙河西街,27002.0,29.8,23.150808,113.311294,1
天工大厦,44269.0,29.74,23.14639,113.344263,1
永福路永福西约,39065.1,29.62,23.146054,113.300749,7
明月阁,48476.0,29.59,23.114787,113.312907,2
华南理工大学宿舍南秀村,60995.0,29.58,23.147393,113.343417,4
金悦东山国际公馆,49527.5,29.58,23.146097,113.300852,22
黄埔大道中锦明街,42011.0,29.54,23.122787,113.369499,2
珠江帝景苑克莱国际公寓灏景轩,63749.9,29.5,23.10406,113.326369,14
华翠街小区,46413.7,29.42,23.125597,113.369733,3
冠城大厦,50625.4,29.23,23.118248,113.309642,5
省建材机械厂宿舍区,35925.5,29.18,23.147742,113.305931,2
幸福小区寺右二巷,51040.0,29.16,23.118972,113.308744,1
金燕花园,39541.2,29.11,23.157325,113.3286,5
福泉楼,40215.0,28.87,23.15139,113.310961,5
丰乐苑,56053.0,28.8,23.116214,113.350151,1
华景新城怡翠居,43321.0,28.77,23.136246,113.35751,330
泊雅湾,66656.0,28.48,23.103617,113.323044,4
利安花园,48470.0,28.19,23.103562,113.322428,6
珠江帝景苑赏湖轩,64622.5,28.08,23.103223,113.328692,8
华友大厦,50862.0,28.07,23.120315,113.305014,1
东山月府,82707.0,28.02,23.117765,113.309046,1
金坤花园,35334.0,27.97,23.155818,113.333744,1
先烈东路沙河大街,28960.0,27.92,23.150743,113.30901,1
省农科院西区,56461.0,27.89,23.151945,113.339424,2
丽水庭园,58219.0,27.77,23.105317,113.318804,3
侨翠苑,35966.0,27.76,23.150271,113.308135,3
先烈东横路11号大院,32188.7,27.6,23.149051,113.305844,3
五羊小区,46234.8,27.45,23.12213,113.370379,5
广厦居,43707.1,27.42,23.121393,113.370143,9
新鸿花园二期,58526.4,27.36,23.104695,113.319033,7
五羊宿舍,43345.0,27.34,23.122117,113.37043,1
帝景华苑,63103.7,27.31,23.103739,113.320325,3
华景新城翡翠居,46456.0,27.25,23.136768,113.357969,1
四航局宿舍,32258.2,27.12,23.152759,113.310477,5
邮通小区,57734.0,27.09,23.135931,113.360943,1
中冠大厦,47837.0,27.08,23.115988,113.309923,2
先烈东横路沙泉大街,33234.0,27.06,23.149117,113.30496,4
先烈东二横路11号大院,35721.0,27.0,23.150419,113.307243,1
陶庄公安宿舍,26043.5,26.92,23.159275,113.322257,4
琴海居,55707.4,26.89,23.105489,113.317594,11
新理想华庭,57364.0,26.86,23.105834,113.317232,1
新鸿花园一期,47885.3,26.85,23.104562,113.318538,7
天华苑,45275.2,26.82,23.142067,113.349405,5
珠江帝景苑倚泓轩,64915.0,26.7,23.102745,113.330719,7
建华路(天河区),35157.0,26.57,23.12227,113.370878,1
长运大院,40235.0,26.56,23.151452,113.308061,2
汉苑大厦,28082.0,26.35,23.11443,113.31058,3
先烈东横路,34593.2,26.24,23.149152,113.302925,4
烟墩路保安前街,58766.5,26.12,23.120386,113.300103,2
达道路保安南街,63273.0,25.97,23.120283,113.3003,1
珠江帝景苑悦涛轩,64546.1,25.87,23.102223,113.3311,9
沙和路,30680.2,25.83,23.158551,113.316271,4
汉苑,58750.0,25.76,23.114002,113.31041,1
星河苑,30719.5,25.62,23.149167,113.301868,2
华景新城叠翠居,44980.0,25.58,23.137517,113.357893,1
园田居,48319.0,25.56,23.142008,113.350267,3
沙和路沙东大街,23513.5,25.09,23.154064,113.309283,2
广州第75中学教师宿舍,27424.5,25.01,23.160133,113.318333,2
公路局大院,37881.5,24.94,23.151281,113.305185,2
城管大楼,39672.0,24.78,23.141939,113.350883,1
天河山庄,31792.1,24.26,23.15837,113.313173,27
云山居,31394.5,24.23,23.157866,113.312462,59
濂泉路,22001.5,24.18,23.15508,113.309123,2
米兰苑,40875.5,24.15,23.103257,113.316676,6
濂泉西路95号大院,34737.0,24.04,23.154022,113.307644,1
翰景轩,52030.6,23.85,23.141837,113.351679,9
华南理工大学宿舍红棉苑,68132.0,23.54,23.15129,113.342831,1
华师大学宿舍高教新村,68061.8,23.51,23.118907,113.300741,8
穗茵园,42764.5,23.41,23.121513,113.372467,8
黄埔大道中程介坑,40197.0,23.38,23.120704,113.372244,1
江畔华庭,68759.0,23.09,23.104113,113.314749,4
大石建行大楼,21952.0,22.74,23.122821,113.373071,1
华景新城沁馥佳苑,68764.0,22.72,23.137986,113.360286,1
逸景翠园,44951.1,22.66,23.101222,113.316997,21
华景新城鸿景楼,49281.0,22.65,23.13738,113.361927,1
中海锦苑,69093.0,22.61,23.104693,113.313823,1
象牙厂宿舍,32758.0,22.58,23.16259,113.32081,1
珠江新岸公寓,52685.9,22.55,23.103476,113.314691,45
金园大厦,34220.4,22.53,23.154893,113.306254,5
领江壹号,60000.0,22.38,23.100704,113.31724,1
华景新城豪门阁,39384.0,22.36,23.138736,113.358711,1
天润大厦,41561.3,22.29,23.120701,113.372938,3
天立俊园,48565.2,22.28,23.103855,113.314111,4
达道西路山河东街,69895.0,22.28,23.118226,113.300606,4
广深铁路物业公司广园东住宅小区,30233.0,22.2,23.154406,113.305002,1
粮油宿舍,24265.0,22.15,23.162795,113.31823,3
富怡大厦,22435.0,22.07,23.152426,113.30148,1
佳福阁,41574.0,21.93,23.121177,113.373305,1
侨乐新村嘉德利湾,39126.0,21.92,23.163084,113.32232,5
省粮油宿舍,32390.0,21.9,23.163001,113.318001,3
云山翠苑,36165.4,21.77,23.163147,113.318145,9
冠庭园,36062.7,21.75,23.162875,113.316583,9
永福路89号大院,33310.5,21.72,23.152089,113.300026,2
百合苑B区,37200.0,21.68,23.117636,113.371786,1
濂泉路42号大院,34273.5,21.51,23.157821,113.307929,2
侨乐新村,32563.3,21.43,23.163515,113.322041,18
丰盈居,51906.9,21.42,23.102851,113.313971,7
广海花园二期,42021.2,21.38,23.126561,113.373399,10
华南理工大学宿舍,69880.0,21.34,23.15177,113.343839,1
广海花园,41956.4,21.09,23.127021,113.373415,8
科韵大厦,38422.0,21.08,23.121053,113.373839,2
经典居,43450.0,20.96,23.101107,113.314945,10
汇美景台,64856.0,20.96,23.104077,113.312599,1
华景新城泽晖苑,53102.0,20.96,23.138992,113.359829,1
滨江水恋,65711.7,20.91,23.102252,113.313894,6
五华大厦,45820.0,20.9,23.121214,113.374,1
广园东路,27507.0,20.85,23.15482,113.302952,4
清水塘小区,35057.0,20.85,23.153064,113.300004,1
天韵阁,38258.8,20.65,23.12076,113.374069,4
新燕花园,45593.0,20.38,23.163021,113.328313,1
星品,65260.0,20.37,23.100063,113.335906,3
海天花苑,41066.1,20.32,23.101363,113.313949,34
华景新城华门阁,37123.0,20.21,23.139632,113.359209,1
华南理工大学宿舍南新村,62826.0,20.07,23.148183,113.348369,1
世纪云顶雅苑,60565.7,20.06,23.100657,113.314259,10
濂泉居,24903.0,20.01,23.158816,113.306346,2
芭堤水岸,60857.5,19.96,23.102658,113.312546,17
新峰楼,34459.0,19.91,23.154845,113.301032,1
星海明珠,51564.5,19.74,23.10179,113.312945,10
勤天E品上馆,44172.8,19.62,23.127671,113.374011,8
银利街35号大院,23418.0,19.45,23.165265,113.321755,1
丽景湾,63097.7,19.33,23.103509,113.3113,16
好景花园,47261.2,19.25,23.102483,113.311894,4
陶苑小区,27585.0,18.99,23.16541,113.323398,2
华仙楼,26471.0,18.74,23.166106,113.316985,4
兴华公安宿舍,27784.0,18.74,23.165091,113.325807,1
伍仙花园A区,41387.0,18.71,23.166183,113.318933,10
加拿大花园,45481.0,18.67,23.13612,113.367698,2
江丽苑(海珠区),41296.1,18.51,23.101379,113.311859,8
时代花生一期,50573.6,18.24,23.166477,113.320895,10
华景新城逸晖居,48968.0,18.23,23.1406,113.359533,1
大江苑大江冲,37744.7,18.06,23.100469,113.312015,3
伍仙花园B区,38179.8,17.91,23.166882,113.320163,10
五仙桥路五仙桥街,24445.0,17.82,23.167049,113.316237,2
建材小区,29792.0,17.49,23.167443,113.318138,4
珠江广场,54996.6,17.48,23.103327,113.309443,13
珠江广场水岸卫城,62853.8,17.48,23.103311,113.309458,4
南华工商学院,30625.0,17.4,23.166617,113.324433,1
美林海岸花园,64147.0,17.34,23.114084,113.372631,1
华景新城逸宁居,51942.0,17.04,23.141202,113.359809,1
华景新城荷景园,56128.0,16.9,23.141123,113.360143,1
银利花苑,33795.8,16.64,23.167807,113.322181,5
沙太南路银利街,35160.4,16.44,23.167924,113.322578,7
华景新城怡华台,54089.0,16.41,23.14022,113.36262,1
华景新城翠安侬苑,54426.5,16.3,23.141085,113.360998,2
滨江东路,37049.0,16.28,23.102622,113.308529,1
天河北苑,35029.5,16.24,23.167098,113.32671,21
银利新村,37913.5,16.24,23.168092,113.322724,2
翔韵雅居,59381.9,16.07,23.100272,113.309756,9
海琴湾,63237.3,15.94,23.10322,113.307787,7
华南理工大学宿舍凤凰新村,64668.5,15.84,23.15004,113.35023,2
天利居,37343.2,15.54,23.168673,113.323261,5
逸雅居,61824.0,15.4,23.141161,113.362011,3
华景新城信华花园,58071.0,15.35,23.139175,113.365847,1
雅景苑,38963.0,15.31,23.100282,113.308827,9
天平花苑,31469.4,15.3,23.168571,113.324652,14
锦骏华庭,58002.3,15.29,23.101927,113.307785,15
浪琴居,55033.8,15.02,23.102105,113.307349,5
金豪嘉苑,58970.8,14.78,23.101248,113.307563,12
江景苑,36317.3,14.61,23.100413,113.307859,3
听涛雅苑,46008.3,14.43,23.101911,113.306739,9
逸品台,64479.0,14.39,23.102905,113.306118,4
华景新城陶然庭园,52924.0,14.38,23.142323,113.36121,3
牛利岗公安宿舍,31333.0,14.26,23.170074,113.322924,2
隆基怡苑,37900.9,14.15,23.169596,113.325291,8
橡树园,39890.3,14.14,23.168768,113.328339,50
恒鑫东和湾,56117.8,14.02,23.102009,113.306163,4
华景新城芳满庭园,55299.7,13.94,23.141663,113.363016,3
吉祥花苑,31343.0,13.7,23.134289,113.373622,1
棠利大厦,30307.0,13.65,23.126409,113.379164,1
半山翠庭,58055.0,13.57,23.147571,113.355205,2
枫华苑,39696.0,13.56,23.139765,113.366877,1
南海机械厂宿舍,49338.0,13.51,23.161211,113.343192,1
中信君庭,68609.0,13.41,23.103342,113.304624,1
番禺华景新城,26188.7,13.38,23.1407,113.3655,24
五山花园,62634.8,13.27,23.14969,113.353421,8
下渡大街47号大院,31714.0,13.19,23.102829,113.304626,1
化机宿舍,34687.0,13.06,23.164807,113.341076,2
珠光高派华庭,56254.4,13.04,23.102031,113.304864,13
茶景园,55000.0,12.65,23.14846,113.355442,1
省地震局宿舍,77430.5,12.65,23.14817,113.355736,2
滨江明珠,74619.0,12.46,23.103124,113.303454,1
棠下远洋宿舍,38086.5,12.25,23.12502,113.381708,4
骏景花园合生骏景广场,50000.0,12.13,23.124881,113.382059,2
风行牛奶宿舍,39853.0,11.98,23.170945,113.329935,1
蓝色康园,63104.1,11.88,23.102337,113.303056,27
燕塘工业园小区,33163.0,11.82,23.171999,113.326493,4
金海湾花园,83845.0,11.5,23.103171,113.302012,1
骏景花园,50381.8,11.44,23.12247,113.38545,148
南国嘉居,36371.7,11.43,23.119625,113.390416,6
儒林大街远洋宿舍,45925.0,11.21,23.126529,113.382528,2
云宁居,33767.6,11.09,23.171848,113.331902,31
广州市轻工高级技工学校宿舍,31192.0,10.97,23.166317,113.345987,1
司法院宿舍,33397.0,10.89,23.11535,113.40428,1
岳洲路,52913.0,10.81,23.152113,113.35444,2
雅怡居,34912.0,10.74,23.11858,113.40252,1
保利世纪绿洲一期,42816.5,10.72,23.190549,113.366912,6
信用社宿舍,23045.0,10.71,23.120487,113.400137,1
保利世纪绿洲二期,43006.7,10.7,23.190561,113.369051,6
省农科院东区,70431.0,10.67,23.148897,113.357815,1
阳光家园(白云),35089.1,10.57,23.173043,113.32947,14
君林天下,40359.0,10.42,23.189019,113.365998,8
怡新花园,44386.9,10.24,23.175175,113.32238,33
中南海小区,21831.0,10.23,23.173382,113.330723,330
富丽新村,27511.0,10.1,23.119632,113.404152,1
宝翠园,52435.3,10.04,23.191851,113.362265,27
雅怡阁,32806.0,10.03,23.120349,113.403494,1
时代美居,26395.0,10.0,23.132844,113.378884,1
育龙居,38668.5,9.94,23.188921,113.362929,8
紫云山庄,36563.0,9.91,23.124274,113.395512,2
广东省林业科学研究院,41366.5,9.88,23.194208,113.373736,2
半山雍景苑,48524.0,9.84,23.144138,113.36528,1
迎翠春庭,32520.4,9.67,23.132334,113.379856,10
富力天朗明居S区,47074.2,9.65,23.125466,113.391121,42
美好居,44820.3,9.61,23.125272,113.393461,3
源泉广场,30093.0,9.43,23.17449,113.347023,1
检察院宿舍,40793.0,9.32,23.126317,113.390497,2
棠德花园,33478.2,9.29,23.131605,113.381401,182
翠华苑,56756.0,9.24,23.150949,113.358181,1
云山熹景,48391.1,9.23,23.176384,113.323854,25
富力天朗明居N区,51147.9,9.13,23.126595,113.391354,35
天鹅花苑,36398.0,9.06,23.16927,113.351108,1
保利林海山庄,49560.0,9.02,23.189872,113.359113,30
顺景大厦,62627.0,9.0,23.119276,113.409624,2
梅苑小区,36821.4,8.97,23.177362,113.321688,29
广东省龙眼洞林场宿舍,35597.0,8.7,23.189659,113.37735,1
翠庭雅轩,34891.2,8.68,23.178678,113.317981,5
恒大御府,55089.0,8.67,23.176383,113.328626,1
凤凰公司宿舍,34402.0,8.63,23.185915,113.359577,1
中兴花园,39782.5,8.51,23.116428,113.418816,2
阳光假日园,50144.1,8.41,23.127995,113.391708,25
德兴楼,27044.5,8.36,23.120476,113.410799,2
龙洞公安宿舍,30315.3,8.27,23.201458,113.370612,3
春江花园,40904.5,8.22,23.12861,113.390464,30
南兴花园(番禺区),23680.5,8.18,23.178071,113.338296,2
白云家园,42335.4,8.08,23.178536,113.323669,5
梅园大厦,33255.5,8.07,23.17939,113.320136,8
南兴花园(天河区),36204.8,8.03,23.178564,113.338827,11
梅花园宾馆宿舍,27452.8,7.86,23.17944,113.32178,4
佳兆业天御,68199.0,7.85,23.178047,113.328564,1
白天鹅花园,35671.5,7.81,23.175149,113.34659,44
时代花生二期,46536.1,7.76,23.186099,113.328554,12
白云畔山花园圣地摩坊,42892.3,7.74,23.180526,113.318129,6
梅宾东公安宿舍,31492.5,7.69,23.179026,113.325005,22
广州商务中心,27933.0,7.65,23.180342,113.319821,1
钟村镇怡乐园,21180.0,7.64,23.135017,113.380772,2
生态环境与土壤研究所,39150.0,7.6,23.18079,113.355752,1
泰安花园,35825.0,7.46,23.12974,113.392398,7
纵横白领公寓,33750.0,7.45,23.120707,113.41616,1
乐意居花园,37646.0,7.34,23.168718,113.356039,1
白云畔山花园,36258.1,7.22,23.181783,113.317818,22
竹园小区(海珠),32894.0,7.1,23.179737,113.332088,1
竹园小区(白云),25653.3,7.1,23.179752,113.332089,3
京溪竹园小区,34705.5,7.09,23.179781,113.332092,2
旭景家园B区,36768.0,7.03,23.127299,113.40343,2
擎山苑,36652.1,6.98,23.182108,113.31906,28
梅园新居,36272.0,6.96,23.182069,113.319383,1
汇景路,27270.0,6.84,23.147888,113.367025,2
汇景新城棕榈园,68344.0,6.8,23.149338,113.365461,1
京溪尚苑,33547.1,6.79,23.180529,113.330659,7
交警宿舍,35182.0,6.71,23.18137,113.33564,2
白云交警宿舍,32378.3,6.58,23.181629,113.334981,3
东兴小区东兴三街,49327.0,6.54,23.183202,113.31933,1
中科院化学所,29944.0,6.45,23.17424,113.361726,1
客车厂宿舍,33012.5,6.41,23.181705,113.328369,2
旭景家园C区,40064.0,6.4,23.128485,113.403561,2
恒骏花园,44713.0,6.3,23.18256,113.325012,20
金碧世纪花园,38788.6,6.26,23.11451,113.429406,12
建丽花园,38687.0,6.22,23.166643,113.35924,1
华南计算机宿舍,27922.2,6.19,23.182327,113.329168,5
恒骏花园香柏广场,52077.3,6.07,23.183356,113.324726,30
翰林苑(天河),46083.5,6.05,23.168077,113.360278,4
中人集团宿舍,28515.0,6.03,23.185882,113.343664,3
天虹花园,32263.0,5.97,23.109348,113.431115,1
云景花园云景名都,50139.2,5.97,23.183055,113.329043,12
尚东阳光雅苑,22936.0,5.94,23.109839,113.43123,1
华乐药厂干部楼,20287.0,5.89,23.184399,113.322738,1
广信春兰花园,37412.5,5.68,23.184345,113.326713,32
京溪公安宿舍,31300.5,5.68,23.185626,113.338979,2
旭景家园D区,40498.0,5.62,23.130124,113.403362,1
云景花园云桦苑,45030.6,5.6,23.184396,113.331341,14
有色金属研究院东生活区,38666.0,5.53,23.16845,113.362734,2
云景花园云桂苑,45544.8,5.47,23.184896,113.329469,13
云景花园云景苑,42709.2,5.24,23.185913,113.32864,9
汇景新城世家,66812.0,4.83,23.14884,113.373187,2
保利天悦花园,72396.7,4.71,23.100938,113.380992,7
汇景新城龙熹山,78455.0,4.33,23.14797,113.376479,2
瑜翠园,34904.9,4.28,23.210897,113.365203,27
翠园,49468.5,4.27,23.210917,113.365168,2
岑村公安宿舍,33517.0,4.22,23.16966,113.3752,4
合一国际,51533.7,4.2,23.191765,113.328212,26
金湖雅苑,26978.7,4.15,23.193843,113.3381,29
华南御景园,46178.9,4.13,23.171007,113.378762,18
时代花生Ⅱ,43664.0,4.03,23.19309,113.332437,27
云和花园,30184.2,4.02,23.193035,113.327767,5
同和云苑新村,25506.8,4.0,23.193506,113.324576,6
白云教工宿舍,34625.0,3.89,23.1945,113.322625,1
云裳丽影,46863.5,3.85,23.19431,113.329647,29
白云山中药厂宿舍,25144.0,3.85,23.196109,113.337524,3
华南御景园A区,43748.7,3.84,23.168889,113.378142,10
白云区同和教工宿舍,22980.0,3.81,23.195069,113.322814,1
广州大道北,32141.5,3.76,23.195131,113.326451,2
广州大道省府宿舍,40123.0,3.76,23.195131,113.326451,1
旧云东小区,31503.7,3.63,23.196136,113.32747,6
云东小区,30907.0,3.63,23.196127,113.327481,33
东晋丽苑,32381.8,3.56,23.170795,113.386934,4
云涛花园,23320.0,3.43,23.197805,113.328134,1
万科云,32642.0,3.37,23.168132,113.401567,2
倚绿山庄,32094.4,3.24,23.199393,113.323812,15
倚绿山庄柏林半山雅墅,33484.4,3.23,23.199512,113.322509,7
西华园,18768.0,3.15,23.112948,113.438888,2
白云山制药厂前山宿舍,27545.2,3.12,23.200419,113.321544,8
金湖花园金湖翡翠谷,53754.0,3.1,23.205995,113.342987,1
君立国际公寓,31542.8,2.93,23.202838,113.328363,37
梓元岗路梓元东一街,26122.0,2.8,23.190764,113.409269,1
天健上城,52346.0,2.78,23.140875,113.393903,329
佳润云凯雅寓,31476.7,2.67,23.204915,113.327548,18
越秀星汇云城,40964.0,2.63,23.207149,113.336072,1
同宝路96号大院,26316.0,2.62,23.206717,113.334141,1
卡布奇诺,29443.1,2.38,23.207845,113.327792,37
南湖生活区,25353.5,2.34,23.207817,113.324486,2
同和路,25317.6,2.22,23.210091,113.330432,5
白云山制药厂后山宿舍,26394.5,2.17,23.209029,113.32014,8
鹤林苑,29001.5,2.06,23.107532,113.442936,2
城南北二巷,15857.0,2.04,23.113104,113.442931,1
一品湖山,42866.5,1.98,23.212826,113.331485,11
同和北路,28788.0,1.81,23.21452,113.329509,1
环卫局宿舍,31035.0,1.8,23.10698,113.444,1
山水庭苑,39243.6,1.78,23.215344,113.332446,12
雅居乐南湖半岛花园,40252.7,1.77,23.216122,113.335889,26
港湾三村,30002.0,1.69,23.10468,113.444065,2
同和中路河阳一巷,33627.0,1.66,23.216863,113.333111,1
新天半山墅,52593.0,1.64,23.218645,113.341843,1
怡园小区,34286.0,1.41,23.211973,113.300162,1
南湖半山东苑,28854.5,1.28,23.223092,113.344185,28
颐和高尔夫庄园,80145.5,1.2,23.221326,113.32103,4
港湾一村,27551.0,1.16,23.100848,113.445834,1
春晖闲庭,31762.6,1.08,23.220305,113.309782,13
农工商宿舍,29717.0,0.91,23.162375,113.415175,1
天河星作,45698.0,0.88,23.155108,113.403333,1
白云堡豪苑尚云名邸,48085.0,0.81,23.224501,113.307291,1
永泰新村,22500.3,0.76,23.225328,113.306579,10
松涛北苑,24724.6,0.74,23.225849,113.306958,21
白云堡豪苑云轩径,59885.0,0.74,23.227213,113.310823,1
晋福阁,25589.2,0.69,23.224443,113.301141,5
雅居乐富春山居,38546.4,0.24,23.18496,113.430547,51
合景科汇金谷,17700.8,0.05,23.167315,113.435481,4
万科新里程,34446.3,0.0,23.188403,113.449022,55
